{
	"info": {
		"_postman_id": "73ac015c-b825-4ba7-8d74-39b83377235b",
		"name": "assignment1",
		"schema": "https://schema.getpostman.com/json/collection/v2.1.0/collection.json",
		"_exporter_id": "40151955"
	},
	"item": [
		{
			"name": "students",
			"request": {
				"method": "POST",
				"header": [],
				"body": {
					"mode": "raw",
					"raw": "{\r\n  \"name\": \"Rahul Sharma\",\r\n  \"age\": 15,\r\n  \"dob\": \"2008-07-15\",\r\n  \"class\": \"10\",\r\n  \"div\": \"A\",\r\n  \"guardian_name\": \"Sunita Sharma\",\r\n  \"address\": \"123 Green Park, Mumbai\"\r\n}",
					"options": {
						"raw": {
							"language": "json"
						}
					}
				},
				"url": {
					"raw": "http://127.0.0.1:5000/students",
					"protocol": "http",
					"host": [
						"127",
						"0",
						"0",
						"1"
					],
					"port": "5000",
					"path": [
						"students"
					]
				}
			},
			"response": []
		},
		{
			"name": "students",
			"request": {
				"method": "GET",
				"header": [],
				"url": {
					"raw": "http://127.0.0.1:5000/students",
					"protocol": "http",
					"host": [
						"127",
						"0",
						"0",
						"1"
					],
					"port": "5000",
					"path": [
						"students"
					]
				}
			},
			"response": []
		},
		{
			"name": "students/ID",
			"request": {
				"method": "GET",
				"header": [],
				"url": {
					"raw": "http://127.0.0.1:5000/students/ST0004",
					"protocol": "http",
					"host": [
						"127",
						"0",
						"0",
						"1"
					],
					"port": "5000",
					"path": [
						"students",
						"ST0004"
					]
				}
			},
			"response": []
		},
		{
			"name": "students/ID",
			"request": {
				"method": "PUT",
				"header": [],
				"body": {
					"mode": "raw",
					"raw": "{\r\n    \"address\": \"12 MG Street, Bangalore\",\r\n    \"age\": 13,\r\n    \"class\": \"8\",\r\n    \"div\": \"A\",\r\n    \"dob\": \"2010-07-18\",\r\n    \"guardian_name\": \"Anil Kapoor\",\r\n    \"name\": \"Arjun Nair\"\r\n}",
					"options": {
						"raw": {
							"language": "json"
						}
					}
				},
				"url": {
					"raw": "http://127.0.0.1:5000/students/ST0004",
					"protocol": "http",
					"host": [
						"127",
						"0",
						"0",
						"1"
					],
					"port": "5000",
					"path": [
						"students",
						"ST0004"
					]
				}
			},
			"response": []
		},
		{
			"name": "student/search",
			"request": {
				"method": "GET",
				"header": [],
				"url": {
					"raw": "http://127.0.0.1:5000/students/search?name=alice",
					"protocol": "http",
					"host": [
						"127",
						"0",
						"0",
						"1"
					],
					"port": "5000",
					"path": [
						"students",
						"search"
					],
					"query": [
						{
							"key": "name",
							"value": "alice"
						}
					]
				}
			},
			"response": []
		},
		{
			"name": "student/ID",
			"request": {
				"method": "DELETE",
				"header": [],
				"url": {
					"raw": "http://127.0.0.1:5000/students/ST0008",
					"protocol": "http",
					"host": [
						"127",
						"0",
						"0",
						"1"
					],
					"port": "5000",
					"path": [
						"students",
						"ST0008"
					]
				}
			},
			"response": []
		}
	]
}